[
  {
    "name": "test",
    "time": 31.526,
    "score": 3107.9219999999996,
    "moveCount": 53,
    "correctAnswers": 2,
    "wrongAnswers": 0,
    "level": "medium",
    "date": "2025-03-06T05:10:51.479Z"
  },
  {
    "name": "r",
    "time": 29.412,
    "score": 2356.176,
    "moveCount": 37,
    "correctAnswers": 3,
    "wrongAnswers": 0,
    "level": "easy",
    "date": "2025-03-06T01:04:02.571Z"
  },
  {
    "name": "bb",
    "time": 37.026,
    "score": 2345.948,
    "moveCount": 36,
    "correctAnswers": 3,
    "wrongAnswers": 0,
    "level": "easy",
    "date": "2025-03-06T18:48:27.321Z"
  },
  {
    "name": "bb",
    "time": 37.026,
    "score": 2345.948,
    "moveCount": 36,
    "correctAnswers": 3,
    "wrongAnswers": 0,
    "level": "easy",
    "date": "2025-03-06T18:48:27.321Z"
  },
  {
    "name": "bb",
    "time": 37.026,
    "score": 2345.948,
    "moveCount": 36,
    "correctAnswers": 3,
    "wrongAnswers": 0,
    "level": "easy",
    "date": "2025-03-06T18:48:27.321Z"
  },
  {
    "name": "bb",
    "time": 37.026,
    "score": 2345.948,
    "moveCount": 36,
    "correctAnswers": 3,
    "wrongAnswers": 0,
    "level": "easy",
    "date": "2025-03-06T18:48:27.321Z"
  },
  {
    "name": "bb",
    "time": 37.026,
    "score": 2345.948,
    "moveCount": 36,
    "correctAnswers": 3,
    "wrongAnswers": 0,
    "level": "easy",
    "date": "2025-03-06T18:48:27.321Z"
  },
  {
    "name": "bb",
    "time": 37.026,
    "score": 2345.948,
    "moveCount": 36,
    "correctAnswers": 3,
    "wrongAnswers": 0,
    "level": "easy",
    "date": "2025-03-06T18:48:27.321Z"
  },
  {
    "name": "bbb",
    "time": 17.024,
    "score": 2275.952,
    "moveCount": 18,
    "correctAnswers": 2,
    "wrongAnswers": 0,
    "level": "easy",
    "date": "2025-03-06T02:57:08.664Z"
  },
  {
    "name": "qweq",
    "time": 16.612,
    "score": 2246.776,
    "moveCount": 24,
    "correctAnswers": 2,
    "wrongAnswers": 0,
    "level": "easy",
    "date": "2025-03-06T19:27:06.505Z"
  },
  {
    "name": "qeee",
    "time": 19.429,
    "score": 2246.142,
    "moveCount": 23,
    "correctAnswers": 2,
    "wrongAnswers": 0,
    "level": "easy",
    "date": "2025-03-06T01:30:02.421Z"
  },
  {
    "name": "fd",
    "time": 22.334,
    "score": 2235.332,
    "moveCount": 24,
    "correctAnswers": 2,
    "wrongAnswers": 0,
    "level": "easy",
    "date": "2025-03-06T18:21:47.618Z"
  },
  {
    "name": "b",
    "time": 19.825,
    "score": 2220.35,
    "moveCount": 28,
    "correctAnswers": 2,
    "wrongAnswers": 0,
    "level": "easy",
    "date": "2025-03-06T18:24:18.293Z"
  },
  {
    "name": "qwer",
    "time": 23.422,
    "score": 2168.156,
    "moveCount": 37,
    "correctAnswers": 2,
    "wrongAnswers": 0,
    "level": "easy",
    "date": "2025-03-06T19:10:20.282Z"
  },
  {
    "name": "124124",
    "time": 26.202,
    "score": 2167.596,
    "moveCount": 36,
    "correctAnswers": 2,
    "wrongAnswers": 0,
    "level": "easy",
    "date": "2025-03-06T01:46:59.436Z"
  },
  {
    "name": "ˋˇˋˊ",
    "time": 9.622,
    "score": 2135.756,
    "moveCount": 9,
    "correctAnswers": 1,
    "wrongAnswers": 0,
    "level": "easy",
    "date": "2025-03-06T01:45:29.740Z"
  },
  {
    "name": "ㄔ",
    "time": 40.423,
    "score": 2079.154,
    "moveCount": 48,
    "correctAnswers": 2,
    "wrongAnswers": 0,
    "level": "easy",
    "date": "2025-03-06T15:23:59.627Z"
  },
  {
    "name": "test",
    "time": 40.811,
    "score": 2038.378,
    "moveCount": 56,
    "correctAnswers": 2,
    "wrongAnswers": 0,
    "level": "easy",
    "date": "2025-03-06T01:02:19.065Z"
  },
  {
    "name": "bb",
    "time": 11.223,
    "score": 2007.554,
    "moveCount": 34,
    "correctAnswers": 1,
    "wrongAnswers": 0,
    "level": "easy",
    "date": "2025-03-06T19:12:43.335Z"
  },
  {
    "name": "rr",
    "time": 17.724,
    "score": 1994.5520000000001,
    "moveCount": 34,
    "correctAnswers": 1,
    "wrongAnswers": 0,
    "level": "easy",
    "date": "2025-03-07T01:36:17.880Z"
  },
  {
    "name": "ccc",
    "time": 3.22,
    "score": 1958.56,
    "moveCount": 7,
    "correctAnswers": 0,
    "wrongAnswers": 0,
    "level": "easy",
    "date": "2025-03-07T01:33:02.536Z"
  },
  {
    "name": "cccc",
    "time": 57.824,
    "score": 1949.3519999999999,
    "moveCount": 27,
    "correctAnswers": 1,
    "wrongAnswers": 0,
    "level": "easy",
    "date": "2025-03-07T01:31:49.875Z"
  },
  {
    "name": "cc",
    "time": 6.632,
    "score": 1896.7359999999999,
    "moveCount": 18,
    "correctAnswers": 0,
    "wrongAnswers": 0,
    "level": "easy",
    "date": "2025-03-06T19:09:19.785Z"
  },
  {
    "name": "rrr",
    "time": 6.621,
    "score": 1866.758,
    "moveCount": 24,
    "correctAnswers": 0,
    "wrongAnswers": 0,
    "level": "easy",
    "date": "2025-03-07T01:42:54.945Z"
  },
  {
    "name": "rrrr",
    "time": 9.323,
    "score": 1851.354,
    "moveCount": 26,
    "correctAnswers": 0,
    "wrongAnswers": 0,
    "level": "easy",
    "date": "2025-03-07T12:15:29.408Z"
  },
  {
    "name": "a",
    "time": 11.621,
    "score": 1811.758,
    "moveCount": 33,
    "correctAnswers": 0,
    "wrongAnswers": 0,
    "level": "easy",
    "date": "2025-03-06T02:55:32.131Z"
  },
  {
    "name": "aa",
    "time": 12.517,
    "score": 1794.966,
    "moveCount": 16,
    "correctAnswers": 0,
    "wrongAnswers": 1,
    "level": "easy",
    "date": "2025-03-06T01:05:16.650Z"
  },
  {
    "name": "ccc",
    "time": 13.228,
    "score": 1793.5439999999999,
    "moveCount": 16,
    "correctAnswers": 0,
    "wrongAnswers": 1,
    "level": "easy",
    "date": "2025-03-06T20:13:12.436Z"
  },
  {
    "name": "cccccc",
    "time": 110.019,
    "score": 1774.962,
    "moveCount": 41,
    "correctAnswers": 1,
    "wrongAnswers": 0,
    "level": "easy",
    "date": "2025-03-05T11:42:47.087Z"
  },
  {
    "name": "111",
    "time": 32.819,
    "score": 1759.362,
    "moveCount": 75,
    "correctAnswers": 1,
    "wrongAnswers": 0,
    "level": "easy",
    "date": "2025-03-06T05:08:00.629Z"
  }
]